Transaction_ID,Customer_Age,Purchase_Amount,Loyalty_Score,Email_Subscriber,Shipping_State
1000,40.0,175.97421746344008,4.663958402130649,nan,FL
1001,33.0,156.98534731651074,1.5940885972621741,nan,NY
1002,42.0,122.38521479680696,4.139384805725314,No,FL
1003,53.0,94.12252889177705,1.9989828891218335,No,CA
1004,32.0,147.92893254454358,8.274116890083,Yes,nan
1005,32.0,135.73941541686997,9.529192233680236,No,nan
1006,53.0,155.8077288011093,1.6508482773214475,No,FL
1007,44.0,145.40687206727878,9.596036865625313,No,TX
1008,29.0,161.9821086127734,5.703189394030707,nan,TX
1009,41.0,98.59059153757728,3.696091101584865,No,IL
1010,29.0,172.69576262537302,1.6917586774854716,nan,IL
1011,29.0,127.90398418769598,5.50561841263376,Yes,nan
1012,999.0,203.0104349050106,8.150639900416738,Yes,IL
1013,12.0,92.43248727641728,7.363778295400284,nan,NY
1014,14.0,189.43855212660998,1.4520341031757638,nan,IL
1015,28.0,127.91643133850592,1.6561165183111317,nan,NY
1016,22.0,93.94327985542206,4.625859543693734,No,IL
1017,38.0,100.64456663782714,3.6576144464314897,Yes,nan
1018,24.0,107.1861076722272,3.0914589075044305,nan,nan
1019,18.0,136.96663785607666,3.5290404901784225,No,NY
1020,,140.91341952142,8.23134468967196,Yes,FL
1021,,97.05199984245684,9.363052482686685,No,nan
1022,,119.02581630956068,4.645924250748098,Yes,FL
1023,,205.69081434447455,9.154999019192473,No,TX
1024,,189.10172680402846,3.8934613112309377,Yes,NY
1025,,137.4529467869613,5.287932877094125,Yes,nan
1026,,121.52013912672801,3.0342609803439977,No,CA
1027,,124.80125306873045,6.7642843795825955,nan,TX
1028,,144.54071890921665,9.81083003657328,Yes,FL
1029,,79.08829739206378,6.431437864390408,nan,nan
1030,,109.70493850306619,4.22032675702194,No,NY
1031,,53.25663704489642,6.830357013914755,nan,IL
1032,,135.96892490421118,2.106286106188488,nan,CA
1033,,145.88783758810965,8.997931722388588,nan,FL
1034,,100.67254150802503,5.527755557018527,nan,TX
1035,,182.9594705316013,5.0441476783567785,nan,NY
1036,,70.96937347990635,6.272783096081673,Yes,CA
1037,,61.42500479160719,6.623054765104622,Yes,NY
1038,,128.9780727423989,1.6459822560386173,Yes,nan
1039,,161.88393210448618,7.143554991010622,No,IL
1040,,187.35710765831476,3.177385122839766,nan,TX
1041,,101.6446294852424,7.4255736925593085,Yes,NY
1042,,163.14723333725183,8.40281314945777,No,FL
1043,,118.45966121997171,8.235626567972684,Yes,nan
1044,,113.09490800236722,5.972508706671002,Yes,nan
1045,,155.3463974994669,5.68152903079676,nan,TX
1046,,146.0929151365368,2.2858836520547055,No,nan
1047,,56.94431372063002,7.978115353628221,nan,FL
1048,,179.06161398903583,3.4426844240204293,nan,NY
1049,,175.20365416589806,5.470258805361519,Yes,TX
1050,,94.97749193961883,3.5584668363476504,nan,nan
1051,,135.83214133749635,2.2044552669972384,No,nan
1052,,139.76120745130956,6.666019272025629,nan,FL
1053,,130.42695063295628,1.4889883134061344,nan,IL
1054,,97.9877938461832,7.7378071071358,nan,IL
1055,,93.13506528247794,3.85828115735005,Yes,nan
1056,,118.97783716034219,1.001212237040368,No,NY
1057,,166.90916077037457,5.6001622531350685,Yes,TX
1058,,141.7440061837773,1.4216671767484281,Yes,nan
1059,,105.17542671655576,3.4855260203880953,Yes,CA
1060,,150.86794842593378,7.362788387101445,Yes,TX
1061,32.0,6.0582951747969815,1.5642065945967927,Yes,IL
1062,21.0,165.95062801488413,8.554046431204021,No,nan
1063,20.0,50.41144884887602,1.034379303927248,nan,FL
1064,44.0,105.50236234387471,3.2214148228171204,Yes,CA
1065,51.0,75.21320421495425,7.668136505368643,Yes,nan
1066,34.0,68.21274097116377,3.846431347563761,No,NY
1067,47.0,166.43307149514078,1.9170314925941216,No,CA
1068,39.0,101.29195194752435,4.242105269203851,nan,nan
1069,27.0,133.86015526922864,3.4335395774607296,No,NY
1070,39.0,118.12317684483264,8.584407119444993,nan,CA
1071,53.0,139.08163308892486,3.8201312582662883,Yes,NY
1072,34.0,123.07287564241021,8.100392245984064,Yes,NY
1073,53.0,68.68031103245721,9.026849303296613,nan,CA
1074,3.0,159.8506727778856,4.904356776188766,No,CA
1075,44.0,100.2497366735475,9.189488294689529,nan,NY
1076,36.0,57.73672405360996,4.395862485668736,No,IL
1077,31.0,102.8753935613635,9.676705748410974,Yes,CA
1078,36.0,180.03039162537243,1.8036057207301563,No,nan
1079,11.0,154.00886968453972,7.183173398529185,nan,TX
1080,32.0,106.05391462368563,5.444326364112358,nan,FL
1081,39.0,106.02969182726285,4.488839249100824,Yes,NY
1082,52.0,107.1345979513047,6.694406908737408,No,NY
1083,28.0,203.06991934243365,7.334713824708981,No,FL
1084,25.0,135.27741808926214,1.0392694268527818,No,IL
1085,28.0,137.20166588764278,2.5025777987247886,Yes,FL
1086,45.0,161.2113381612737,7.417414455708868,No,CA
1087,38.0,129.55156636106054,6.997468722203858,nan,FL
1088,28.0,109.63831416717187,9.694427546158096,No,NY
1089,41.0,112.14600603660087,7.849340112257047,Yes,FL
1090,36.0,117.13594962343744,9.556954369582042,No,TX
1091,46.0,118.51111053960634,7.322864513813263,No,nan
1092,26.0,149.1051817454792,3.6824698777549885,nan,CA
1093,31.0,122.07783543229198,1.9482843002577082,No,FL
1094,30.0,149.30560308862317,8.03641477010442,nan,NY
1095,17.0,116.77133679565671,6.797342993283243,nan,nan
1096,38.0,123.14540761264362,1.433674111539666,Yes,CA
1097,38.0,40.07197261871569,4.240454193108805,nan,NY
1098,35.0,156.65310698809927,9.611198339358575,nan,IL
1099,32.0,133.8595390359197,5.503610311391811,Yes,TX
1100,18.0,159.92040439438608,4.894562224177342,nan,IL
1101,29.0,4.149784872252425,5.119296446433646,Yes,TX
1102,30.0,203.5349881912291,2.8799445160464736,No,FL
1103,25.0,114.41641487379304,4.318364537783157,Yes,CA
1104,33.0,164.32731266950066,4.328319303884589,nan,FL
1105,39.0,50000.0,1.4711951816872517,Yes,TX
1106,57.0,144.5109562025028,7.908108656661264,nan,TX
1107,37.0,77.86337747305376,4.7485398871349105,No,TX
1108,38.0,95.0492415721678,8.39961898134781,Yes,nan
1109,34.0,196.56125415467145,8.653132010079059,No,NY
1110,11.0,112.37270396946613,2.9079464922879223,nan,CA
1111,34.0,128.69731492718893,6.916181339531157,nan,FL
1112,35.0,154.80270922755017,5.250536237466836,No,FL
1113,64.0,139.82727551890417,8.921410641293367,Yes,IL
1114,32.0,126.01675620574306,2.941666112588087,Yes,TX
1115,38.0,134.598440098649,7.100318802790398,nan,TX
1116,34.0,216.136623409531,6.469769100274503,No,TX
1117,20.0,117.69524811865658,3.6577132981464953,No,FL
1118,48.0,128.0439618685987,2.2294081328605535,Yes,IL
1119,44.0,162.0261758403045,6.8647578442954895,Yes,NY
1120,44.0,164.22103731831936,7.647377123190976,Yes,nan
1121,24.0,167.4812122224152,3.84064609387015,No,CA
1122,51.0,145.54920888116737,6.803493436200824,Yes,NY
1123,18.0,74.27980349078067,4.556178168503529,Yes,FL
1124,42.0,185.33726129204382,7.41886194954356,nan,nan
1125,61.0,74.14618427925248,2.792937474046478,Yes,nan
1126,23.0,132.10541860956133,9.01193502372557,Yes,nan
1127,28.0,89.82896599922569,3.5866863681902177,No,TX
1128,36.0,117.43446613628029,4.310073889805376,No,CA
1129,28.0,133.1504964121392,1.522827568723148,nan,FL
1130,16.0,132.8542886180109,2.0036099108914875,Yes,FL
1131,35.0,136.8768301694114,5.642757124410953,nan,nan
1132,22.0,184.54845076234588,3.4083340905517434,No,FL
1133,40.0,138.1413720605592,8.51932203167975,nan,CA
1134,23.0,110.23373458837405,1.1322404978945846,No,CA
1135,53.0,158.56348673153428,4.411846438047426,nan,IL
1136,25.0,167.57881955698562,4.0361099209218345,nan,IL
1137,31.0,70.89568739452031,1.1739486782584092,Yes,NY
1138,44.0,143.8960027939943,2.119315591004592,nan,CA
1139,20.0,148.04690969243592,4.722784074267717,Yes,CA
1140,37.0,108.09745986560033,5.43578126002702,Yes,CA
1141,50.0,175.02827253246477,4.638607725293822,Yes,IL
1142,15.0,113.99777651869893,5.778439105708845,Yes,nan
1143,37.0,125.02305813886169,6.356185074151134,nan,nan
1144,38.0,113.07712702864522,1.0893143901505207,No,FL
1145,44.0,120.6231619032587,5.176856435081535,No,nan
1146,20.0,76.14899652419193,9.671493167988295,No,TX
1147,19.0,62.39796469622823,5.671290521165939,nan,IL
1148,41.0,183.78020252899887,7.097880407130579,Yes,CA
1149,38.0,86.12154606726689,3.8067747212519487,No,nan
1150,38.0,80.34430602174771,7.965922403374863,nan,IL
1151,39.0,33.86439545585141,7.956293336885036,Yes,nan
1152,26.0,94.44153009241991,5.69166442888725,No,NY
1153,37.0,67.07640826370007,9.784124409512922,Yes,CA
1154,38.0,185.68060640545477,2.1299519328638805,No,NY
1155,26.0,160.39268357370537,1.152528984006229,No,CA
1156,57.0,92.47398619289105,7.931423905813864,No,IL
1157,40.0,210.09743221377235,8.264399836283943,Yes,FL
1158,20.0,159.27061947966376,2.0818650620851864,nan,nan
1159,42.0,107.0067446596551,3.390245496627455,Yes,nan
1160,23.0,20.023771405057076,1.1579712702996603,No,TX
1161,44.0,211.63770290362967,3.639777497025082,Yes,NY
1162,48.0,64.41710132945616,7.958276865268044,nan,nan
1163,25.0,54.184050121724326,5.6616447494132105,Yes,IL
1164,46.0,160.90281728038562,4.132860338514593,nan,FL
1165,39.0,217.59009625357092,4.345653654156973,nan,IL
1166,44.0,175.37091274042072,1.0121826314392135,Yes,NY
1167,57.0,142.55636480209438,3.698204748087123,No,TX
1168,32.0,143.79017366661145,6.8181286747413745,nan,nan
1169,25.0,154.1366223512123,9.767749994347215,Yes,IL
1170,24.0,150.35714359147062,8.623547442855095,nan,CA
1171,25.0,131.24765695877502,1.2123546818097621,No,FL
1172,34.0,124.16804415807505,9.087045442073554,Yes,IL
1173,39.0,117.4962748840191,8.048785719687633,Yes,FL
1174,38.0,89.84141644533295,8.023385112138824,Yes,nan
1175,44.0,108.77299692532904,5.121961831032143,No,CA
1176,35.0,52.28172743218458,4.582047636590525,nan,TX
1177,52.0,116.06641492821001,3.7262415594987335,Yes,TX
1178,31.0,80.4563557139633,1.591253730589292,nan,CA
1179,67.0,75.85642731136916,3.0541182714432917,nan,FL
1180,42.0,127.19576604613914,3.2194327148022217,No,nan
1181,24.0,175.68009145378397,5.356693627391814,Yes,IL
1182,22.0,156.7326642400925,7.726999659370246,nan,CA
1183,40.0,57.17997585507292,5.26428845558152,Yes,NY
1184,32.0,80.4148745371865,1.5206000450244455,Yes,FL
1185,43.0,157.63084751952863,9.620108208893836,No,TX
1186,40.0,80.70050425846762,9.48451887184701,Yes,CA
1187,34.0,111.01467400011902,8.066705888335676,Yes,TX
1188,24.0,142.00208396098208,9.921951114077984,nan,FL
1189,16.0,81.26622180545459,5.900340995202367,No,TX
1190,29.0,124.21502024583839,9.664915152278855,Yes,CA
1191,45.0,66.63898020327181,1.680445365550757,nan,FL
1192,37.0,95.94529424195144,4.291126734352342,No,NY
1193,20.0,132.7912773657015,3.0284314120608924,No,CA
1194,37.0,56.28025065873323,2.7624977572084304,nan,IL
1195,39.0,137.61898951841596,2.267226540034085,nan,nan
1196,24.0,119.21448804293276,6.60172277409397,nan,CA
1197,36.0,142.0995981766859,8.031896701725746,nan,FL
1198,35.0,128.95656536258645,6.204685594783246,nan,nan
1199,21.0,174.56561719895376,2.322664386293887,Yes,CA
1200,39.0,125.0089801059163,8.300113929401238,Yes,NY
1201,41.0,102.82377835498988,6.723592364473556,No,NY
1202,47.0,124.89190012129136,4.493491355142959,Yes,IL
1203,47.0,141.73192116145552,7.067172659824567,Yes,TX
1204,18.0,121.95440281302817,3.3391448131854955,Yes,nan
1205,23.0,121.62366764815529,4.106729876447894,nan,FL
1206,41.0,91.92033248772978,9.257372588187913,No,FL
1207,41.0,93.48396329796208,3.6145405510427837,No,TX
1208,41.0,63.89578912801226,5.229894413421429,No,NY
1209,81.0,189.98306972747758,9.011270236564132,No,NY
1210,41.0,70.2454705843486,7.369492152407747,Yes,CA
1211,48.0,92.28379208816371,1.5598290354823248,Yes,IL
1212,46.0,91.2637093772321,2.325727398510733,nan,nan
1213,42.0,155.79697507777766,1.0705743169472512,No,IL
1214,31.0,108.20201286831889,6.678296112062471,Yes,IL
1215,44.0,169.90968290694934,5.029060828693765,Yes,CA
1216,25.0,93.06037503024527,2.2084736581204796,nan,IL
1217,32.0,131.15976648895207,9.621407089510933,nan,TX
1218,29.0,86.58611786960971,5.766937515510579,nan,CA
1219,35.0,205.80596511093552,3.1770396470160027,Yes,TX
1220,62.0,72.49606323881949,5.505432140392368,Yes,CA
1221,12.0,132.3928284090811,7.11658299461597,nan,IL
1222,43.0,145.35107523728394,1.6861529617620803,No,TX
1223,15.0,136.55196389805994,3.472334335431028,nan,TX
1224,29.0,112.58849364489167,8.262689417955944,nan,TX
1225,48.0,114.80717201066295,5.136983833623951,nan,CA
1226,35.0,121.75245887916438,5.919194278290654,nan,FL
1227,22.0,114.11991993486046,4.895344019885224,Yes,IL
1228,26.0,158.55516467179638,1.395099483787046,No,TX
1229,43.0,208.42092006365405,2.4917480183814034,nan,nan
1230,26.0,97.70032859968666,5.009874748677018,No,FL
1231,37.0,65.20788081683689,2.8826691886713505,No,nan
1232,35.0,116.4687180659498,1.4498112579371085,No,IL
1233,27.0,223.18837350617275,8.592846976466413,nan,IL
1234,60.0,87.85301728121077,9.830732762477043,Yes,TX
1235,42.0,185.5646722177627,8.138285865970655,nan,TX
1236,10.0,187.10803256305763,8.684064295342004,No,CA
1237,37.0,97.85647033168021,3.1777941728534085,No,FL
1238,27.0,142.75932316741103,9.645642779618798,Yes,FL
1239,45.0,185.1358649251415,2.7723313400808554,nan,TX
1240,25.0,104.83489036050051,9.562868293256491,No,IL
1241,33.0,111.85678559590554,9.95337364569356,Yes,TX
1242,41.0,96.73276344205425,7.405505251714438,No,IL
1243,45.0,79.40973077228533,9.830293586126396,Yes,IL
1244,20.0,94.02889819735972,6.125858016103933,Yes,TX
1245,30.0,71.04238932950975,3.335876048584813,nan,NY
1246,29.0,121.36333873036904,4.932962970990587,No,FL
1247,27.0,89.20107075765432,6.342048418409074,nan,nan
1248,56.0,129.3514364716299,1.6577340582431348,No,IL
1249,39.0,57.76417415185491,6.601089381555215,nan,IL
1250,19.0,133.2352092885783,9.83060053086065,No,NY
1251,46.0,153.341158464357,2.7109688480535485,nan,nan
1252,60.0,40.25057429714178,8.13335604659545,Yes,CA
1253,47.0,134.96226279390288,9.171089144016575,No,NY
1254,16.0,169.10675969893168,9.493314335381987,No,nan
1255,29.0,71.61435925235179,9.641220439649025,Yes,NY
1256,50.0,186.90289547350812,5.693136748493248,nan,IL
1257,26.0,136.76076037464182,9.795771171923533,No,FL
1258,40.0,91.79952576966365,7.81579186420995,No,NY
1259,44.0,117.76923689369175,2.455042926132657,nan,CA
1260,23.0,142.33307650086888,5.29210095821173,Yes,TX
1261,34.0,123.04021565649646,7.464980578348036,nan,nan
1262,-3.0,141.55023969785478,3.22606284237175,nan,NY
1263,22.0,83.17305627682535,6.765536651939986,nan,NY
1264,31.0,126.77443296144313,6.999404311419573,No,CA
1265,20.0,63.451420123800794,2.464297694277093,Yes,FL
1266,54.0,115.55095754605199,6.085767812074806,Yes,NY
1267,17.0,83.84369434140841,7.944642198807469,nan,NY
1268,29.0,90.57880229640934,5.490060980823477,No,FL
1269,36.0,169.4437270084175,1.1089280509849668,nan,CA
1270,52.0,163.65240482377075,1.0813462217136296,No,nan
1271,17.0,144.36552483628708,4.21326409573011,No,nan
1272,48.0,76.30748941309685,9.335746615886038,No,NY
1273,35.0,107.34366201220793,3.058091016432479,No,FL
1274,23.0,168.52390799916733,6.709273199845184,Yes,NY
1275,40.0,125.66867654559618,2.998682836239885,No,TX
1276,37.0,212.7731815992678,3.8950299069359375,No,nan
1277,27.0,135.73271357577488,8.632378806413357,nan,IL
1278,35.0,127.68196465960126,7.559752980429522,nan,TX
1279,30.0,107.63534143189995,1.8585934958188957,Yes,NY
1280,36.0,125.34163619129129,4.858318188877902,nan,CA
1281,42.0,113.90120654477825,1.26252787280738,No,nan
1282,54.0,148.3243470675436,5.328011319427081,nan,IL
1283,20.0,158.26809267178336,6.9619061053096125,Yes,TX
1284,60.0,88.56042157968201,2.066523612383364,nan,nan
1285,11.0,66.75068185768887,3.5999644501824912,nan,FL
1286,33.0,46.55178507586814,4.580529629519413,Yes,CA
1287,42.0,140.31965307650174,9.275779221904447,Yes,TX
1288,38.0,75.86533575304506,9.939295138806676,No,FL
1289,27.0,33.884376281900686,1.4042016909605426,nan,NY
1290,32.0,135.54314418123857,7.849071311458529,No,FL
1291,29.0,219.71998069731163,4.3455165976210886,nan,TX
1292,27.0,119.75716353840427,4.5321236760653205,nan,TX
1293,45.0,153.53963097806567,7.788384760123204,No,NY
1294,39.0,123.2731743419026,9.265837889308678,nan,FL
1295,26.0,116.0444138723543,9.558357350522936,nan,FL
1296,45.0,156.76305931951075,6.194103274344887,nan,NY
1297,38.0,108.38901823245395,4.214090433704525,Yes,FL
1298,44.0,130.6956925628761,8.087941772729014,No,nan
1299,42.0,132.86791224784054,3.2590124493607022,Yes,NY
1300,25.0,93.27638185427804,6.07666625950166,No,CA
1301,28.0,159.6816939814609,4.227206153723858,No,TX
1302,43.0,113.00160973218365,6.909679663370885,nan,CA
1303,42.0,89.77019362028621,3.163590216041562,No,nan
1304,34.0,141.46039374281614,2.7243365116134317,Yes,nan
1305,36.0,84.06128072835851,9.264151780078933,Yes,IL
1306,50.0,121.12724629476513,1.916233146545832,Yes,IL
1307,27.0,119.63524013423186,5.5536211696143845,No,IL
1308,41.0,163.43582263326311,2.9876750466670803,Yes,NY
1309,32.0,138.9879293151981,1.350369669931007,No,FL
1310,32.0,118.99892165019425,1.3241693646228376,Yes,nan
1311,48.0,152.7106519680115,2.576995948952446,Yes,CA
1312,44.0,175.60830196069253,8.800933190554002,No,CA
1313,44.0,142.3124122540745,3.54230869579324,Yes,CA
1314,50.0,120.41410479373522,9.554132535177661,nan,CA
1315,35.0,67.52655070599361,6.234600636902742,No,IL
1316,43.0,77.3954534769851,4.929527707918895,No,CA
1317,31.0,107.7910118258133,6.220799512025091,No,FL
1318,38.0,95.61951191362867,5.65028546703641,nan,IL
1319,33.0,112.52114788058216,7.828986283815927,No,CA
1320,36.0,122.26599699588428,3.5424645937556702,Yes,NY
1321,42.0,141.18771017426923,4.177453524402722,Yes,TX
1322,25.0,117.18004887763635,9.046848722799256,Yes,TX
1323,60.0,139.46006575304807,9.518108618353649,No,TX
1324,22.0,122.57897659240481,9.033024047378271,Yes,IL
1325,20.0,40.98133734584515,4.775031945615822,No,CA
1326,48.0,82.42658424724982,8.023289527061936,Yes,nan
1327,44.0,114.23649777113538,5.287021599709889,nan,nan
1328,42.0,71.61221028635569,5.477858669314919,nan,nan
1329,42.0,143.9971491998482,2.8421209815155555,nan,IL
1330,34.0,181.2300332937479,6.320172729326648,nan,FL
1331,24.0,168.75047406789267,2.6752230797801313,No,NY
1332,35.0,111.46228516279169,3.984082291604744,Yes,NY
1333,26.0,179.62904547399808,8.695271814579417,nan,TX
1334,46.0,125.94669828808446,2.863682282897697,No,TX
1335,33.0,106.51656115527842,1.6404245665608954,nan,nan
1336,25.0,95.4638934583624,1.6210683335153466,nan,nan
1337,31.0,107.90121254047486,9.46706068452797,No,TX
1338,39.0,104.47292725835085,5.562283941656512,No,CA
1339,28.0,126.81664889501951,4.684708646353165,Yes,FL
1340,25.0,126.42295924199459,8.297907229071265,Yes,FL
1341,37.0,120.12184080613657,8.522433351194644,nan,FL
1342,37.0,137.47752678985398,3.9897192980404412,nan,FL
1343,28.0,167.62585099145366,7.242562517264157,Yes,TX
1344,29.0,157.98216541765294,7.940105342666979,Yes,NY
1345,37.0,60.60408126200386,6.891856181793591,No,TX
1346,17.0,17.843154603921803,2.3643556732008943,Yes,FL
1347,18.0,157.37279644957096,8.882947751653514,Yes,TX
1348,26.0,65.32485206338316,5.851850974624078,nan,FL
1349,32.0,111.00938392429266,3.542251837330033,Yes,IL
1350,38.0,73.19547895762562,4.827053668939245,nan,nan
1351,52.0,47.920782496799205,1.3381398135901663,Yes,NY
1352,45.0,141.65850912819153,2.150801211001758,No,IL
1353,33.0,150.36620641210587,7.8899207546427474,Yes,CA
1354,34.0,96.93958397093122,1.0001047127982954,Yes,TX
1355,22.0,16.35830831420361,4.749092456340629,Yes,CA
1356,34.0,98.15022206990069,5.702591629770296,nan,TX
1357,31.0,135.67216021610187,1.4917097800087507,No,nan
1358,38.0,60.84353724903485,9.757703466750996,Yes,IL
1359,25.0,127.33439679116623,3.0351279812470473,nan,nan
1360,41.0,119.38760603308017,3.7377884767265277,No,FL
1361,53.0,143.17165998404354,3.735482610295246,nan,nan
1362,33.0,124.78321473656612,3.073749959056149,nan,nan
1363,39.0,81.07724236473777,1.0132643987768026,No,FL
1364,43.0,167.86286006657966,7.564103146791967,Yes,TX
1365,30.0,113.6588170789212,9.701609498193568,nan,FL
1366,37.0,118.90781841960272,3.0186413495654056,nan,IL
1367,35.0,82.66928163707216,6.967424726230802,Yes,nan
1368,36.0,102.26870995233959,7.677066942628436,Yes,FL
1369,25.0,84.60789143892396,8.635828411814723,No,nan
1370,35.0,113.08215760306308,4.803662773122483,No,IL
1371,40.0,188.46833920569372,3.726378150763863,No,CA
1372,52.0,65.12395428274574,3.92765620620728,Yes,IL
1373,46.0,55.45754408493036,7.413591997886615,nan,NY
1374,60.0,178.84681309974434,8.351015198550725,nan,NY
1375,25.0,111.62705291392535,2.6345257098094237,No,NY
1376,45.0,93.23709045360334,4.338469073419887,Yes,nan
1377,37.0,161.59618749584305,9.11746177074235,nan,TX
1378,61.0,95.77537841052543,8.260241677252653,No,TX
1379,25.0,193.04038854187746,9.863725624862283,nan,TX
1380,24.0,147.11703485357077,7.788234337138727,nan,nan
1381,27.0,100.4835436741719,4.5387568092513,Yes,IL
1382,9.0,206.29232853062013,6.31574050595174,Yes,TX
1383,28.0,95.77140307986646,6.949128288225882,nan,CA
1384,25.0,149.68381488037227,1.7061023468541157,No,NY
1385,36.0,131.97170321625967,5.900472631934786,Yes,IL
1386,39.0,172.06965157595192,7.383887456253486,nan,NY
1387,57.0,182.4604478690741,2.505891736009543,Yes,TX
1388,46.0,121.28016596263066,8.025685456830015,Yes,IL
1389,28.0,89.86328518615267,6.253955024627005,Yes,FL
1390,24.0,138.39888571756467,9.569996071278352,nan,CA
1391,40.0,92.89138520991575,1.3818006838620254,No,TX
1392,19.0,200.53548990106492,3.3879352379992027,No,TX
1393,56.0,125.4614132433095,6.413984913698417,No,CA
1394,49.0,105.38713794751565,3.669039209853376,Yes,CA
1395,29.0,127.38721223459633,7.42981747664118,nan,FL
1396,14.0,66.11494841881213,7.831047542697379,Yes,TX
1397,51.0,81.13543845957395,1.9226436765982702,No,nan
1398,33.0,168.01655631777703,5.624690177860909,No,TX
1399,49.0,93.72422884114417,5.580015000319503,nan,NY
1400,15.0,78.1235606927224,4.3235269319398695,Yes,IL
1401,27.0,141.46611010109143,9.396323763127048,No,IL
1402,35.0,167.4281661865199,8.44755687885899,nan,NY
1403,35.0,148.75813242660269,7.274884437186731,Yes,IL
1404,29.0,159.84190743223266,7.428939721614978,Yes,CA
1405,42.0,89.72819645722157,5.1554452943180715,No,IL
1406,22.0,63.12757333032625,9.288950689869182,No,IL
1407,33.0,180.05334607821948,7.251358845279569,Yes,NY
1408,36.0,107.09280644631457,7.560829554902348,Yes,FL
1409,41.0,109.96667934179811,8.755218134086107,No,IL
1410,43.0,173.1277656739623,3.4666443040797192,Yes,nan
1411,21.0,142.2492003760264,8.263638134800328,No,IL
1412,16.0,138.2355108832643,2.7571654266084282,Yes,FL
1413,50.0,206.60009379604335,4.1080775702039904,No,NY
1414,38.0,94.25927078479428,4.020494088428585,nan,FL
1415,26.0,157.1136051232495,9.806729215502266,No,NY
1416,53.0,122.28052499588338,8.708835013731342,No,CA
1417,36.0,130.74369115453027,7.310528754312338,nan,NY
1418,49.0,181.13873705650127,7.5435108545385114,Yes,CA
1419,35.0,140.31343025158495,6.05865514962314,nan,CA
1420,59.0,141.5318431619853,9.523816003976671,No,NY
1421,56.0,162.90029349239208,5.466328775941254,Yes,nan
1422,32.0,105.40189081828458,4.424659388829051,nan,TX
1423,46.0,86.43161330643974,2.467318032384319,Yes,NY
1424,42.0,78.20763223915866,8.075850870349523,Yes,IL
1425,51.0,41.345736424959924,7.609995388680323,nan,nan
1426,23.0,202.2482851976129,4.459195346717214,Yes,nan
1427,43.0,75.87166537113268,1.2267407256330642,nan,IL
1428,47.0,111.14985505656912,8.550975949462096,No,TX
1429,13.0,108.92746800444317,1.1027618510866626,Yes,nan
1430,20.0,132.29626791236404,7.333298016661459,No,CA
1431,10.0,152.62948850157187,9.732313987534514,No,TX
1432,31.0,154.4189395343898,4.938951953333831,Yes,IL
1433,43.0,96.67690245724246,3.114760644963575,nan,TX
1434,53.0,113.31513144854354,7.343839090390436,Yes,NY
1435,35.0,131.30319801953198,8.354153278140267,No,TX
1436,54.0,110.05235495265812,5.917872844700626,No,CA
1437,18.0,184.2938230407997,9.703317477305315,nan,NY
1438,14.0,139.63899806553005,1.46501849492165,Yes,FL
1439,34.0,149.3951114419927,5.543160384740753,No,IL
1440,39.0,146.5152507466965,7.466085525902951,No,IL
1441,34.0,166.938954299413,8.76376424034261,No,TX
1442,10.0,127.24086234814828,2.6133005071701105,nan,nan
1443,33.0,68.12672208176613,8.200031335873133,No,NY
1444,19.0,135.98751807010566,5.974363681466907,No,FL
1445,43.0,93.94572424832684,4.568983137909669,Yes,NY
1446,39.0,98.85533273000974,2.185435257211842,Yes,IL
1447,23.0,143.45456075020374,8.787661830180213,No,NY
1448,28.0,169.53132285734543,2.415458873617438,No,FL
1449,22.0,120.85086306944247,3.7880907328818934,Yes,nan
1450,34.0,132.35332050395854,3.610409787661932,nan,TX
1451,46.0,188.08859778540952,8.842726307717689,nan,CA
1452,23.0,129.63012717954274,7.054326947880082,nan,NY
1453,41.0,224.0673245672158,8.170132574722352,nan,CA
1454,28.0,142.62038582526176,3.254211089132491,nan,IL
1455,25.0,49.56948963376729,6.6238668964629905,nan,TX
1456,33.0,150.1336648441813,6.145713848293738,nan,TX
1457,22.0,135.24633539531112,8.495473391094439,nan,NY
1458,28.0,171.59011016330982,9.154783544331345,Yes,nan
1459,20.0,146.92725405079833,1.1094109432964814,nan,TX
1460,58.0,114.46176064064905,7.066179271529134,nan,NY
1461,35.0,71.02807054842538,1.4665221920775613,nan,NY
1462,26.0,111.63906970855899,5.939727985696203,No,CA
1463,37.0,85.979181831628,3.588694561393104,Yes,TX
1464,33.0,96.77906200781109,3.760989395699271,Yes,NY
1465,32.0,143.5431361768244,4.176626531071209,Yes,CA
1466,42.0,186.79618017405625,6.591632041446491,nan,FL
1467,44.0,135.78686119291925,4.006449691018923,nan,CA
1468,28.0,72.16467751859263,7.594291455312524,No,CA
1469,28.0,137.78410672880563,4.640746470164827,Yes,NY
1470,31.0,167.86525946582606,1.6151788027896274,nan,IL
1471,7.0,95.60868382722471,8.053838582356965,Yes,IL
1472,16.0,114.6393133330833,3.571824921334354,No,nan
1473,51.0,120.58752778916788,4.894901916393364,No,IL
1474,54.0,88.6040674767104,7.168994948997113,No,CA
1475,32.0,145.93121735375436,3.992105414338408,Yes,nan
1476,41.0,115.16207405568873,1.5092709053204407,nan,NY
1477,38.0,136.7812977562811,4.365289423115322,nan,TX
1478,71.0,84.500312887916,9.50003724424873,No,CA
1479,48.0,102.50166798706358,6.775609575687024,nan,CA
1480,33.0,148.89525431311085,7.043312338004863,No,nan
1481,23.0,105.08667391632932,6.690539382738758,Yes,NY
1482,15.0,189.07855404933622,2.7909292506349312,No,FL
1483,37.0,104.0145525754159,4.765004776920521,Yes,CA
1484,25.0,128.98738903007543,7.758458185269864,No,FL
1485,17.0,157.30363327492358,1.9123560779784323,nan,FL
1486,27.0,63.265370682678736,3.5006749848074104,nan,IL
1487,22.0,49.56764752076896,3.4868719761926825,No,NY
1488,55.0,58.97374741719621,4.888170348350554,nan,FL
1489,45.0,170.5033641370873,9.823318668479665,nan,NY
1490,34.0,97.92567416430214,1.6075229201543975,nan,IL
1491,52.0,222.32797142673007,5.668308949425355,Yes,NY
1492,35.0,97.43009605370446,2.614282138109894,nan,CA
1493,24.0,127.38205212788148,9.736088908687698,Yes,FL
1494,53.0,181.68439810271502,2.019731542547178,No,NY
1495,41.0,200.24371552636492,4.632409021254321,nan,TX
1496,22.0,202.4601430654559,7.6409648635114555,nan,NY
1497,32.0,168.3346492237257,7.340989852247008,nan,FL
1498,24.0,160.9625010324585,4.8045577320453905,No,IL
1499,18.0,143.70107796804731,4.118717511574464,Yes,IL
1500,46.0,151.13444304666552,999.0,Yes,FL
1501,57.0,97.95257134685866,3.3784863684277537,nan,CA
1502,18.0,87.27204466310772,2.847996448361198,No,CA
1503,41.0,119.86502170356192,5.34735727803001,No,IL
1504,27.0,113.19261509900286,3.416803804608466,No,IL
1505,29.0,101.870878026909,3.587154984075251,No,FL
1506,27.0,147.85549789826862,6.910804571271013,No,CA
1507,24.0,158.21220834282042,9.71683598529903,Yes,IL
1508,35.0,123.53627545167389,6.432734805034376,Yes,CA
1509,25.0,179.1012032422105,1.6928152035846966,Yes,IL
1510,38.0,74.3324354346598,1.680252524686603,nan,NY
1511,34.0,112.25362162881127,9.562808987610094,No,TX
1512,32.0,91.3271071758878,3.6756171127660027,nan,nan
1513,24.0,45.3385353170776,1.828602874742279,No,NY
1514,28.0,116.69277256629204,6.391401284353434,Yes,nan
1515,44.0,115.13009966466866,6.612839004612395,nan,IL
1516,41.0,180.53798972968525,6.836543381068194,Yes,TX
1517,23.0,145.2324673821911,3.4066182507178717,No,TX
1518,36.0,79.0325270268318,1.1359961579302753,No,IL
1519,44.0,194.16370265336752,9.685138325090247,No,IL
1520,14.0,168.84134782101412,3.2580374112199224,Yes,CA
1521,41.0,143.28390813874464,7.084236592472927,No,IL
1522,27.0,110.94063604600672,7.3596688289083865,Yes,FL
1523,41.0,81.62243053106081,6.490066753715372,nan,IL
1524,25.0,105.11172895715788,3.816166547922834,No,FL
1525,13.0,163.54994478816744,3.439866283876592,No,IL
1526,15.0,195.38345223738435,6.379014544324328,No,CA
1527,35.0,181.72974113088756,8.794860702505224,nan,FL
1528,38.0,100.44602312854903,9.52060356031056,No,NY
1529,24.0,75.21530266843955,1.9531522396338188,Yes,FL
1530,42.0,125.63544987644816,2.3934575133794787,Yes,CA
1531,15.0,49.26242537748594,9.502626329047716,No,nan
1532,34.0,132.92670856739124,7.628817055013133,No,FL
1533,20.0,114.09589654805325,8.946944423467958,nan,IL
1534,27.0,101.3585399252703,2.8236937072180885,nan,IL
1535,35.0,56.21187730932818,6.288272839984617,nan,nan
1536,24.0,140.54400426278866,7.310256349757263,No,CA
1537,30.0,98.69196641352355,7.121006969022754,nan,TX
1538,47.0,73.20332657158848,4.673365217800283,nan,IL
1539,28.0,5.109511468734027,1.1385540252217763,Yes,NY
1540,45.0,118.89940379797454,6.246334511238368,nan,CA
1541,21.0,190.89006386678977,3.2779138526164786,Yes,FL
1542,41.0,186.4503685819148,5.052288215286013,Yes,FL
1543,52.0,101.71614973654913,9.618229135754357,nan,NY
1544,5.0,95.91151758552877,4.591317858781912,Yes,IL
1545,25.0,138.75097024300095,8.55821445997984,No,CA
1546,41.0,80.06458243246834,2.6968654517432604,No,NY
1547,32.0,132.07167599277864,7.052144482225259,nan,IL
1548,39.0,150.64321113538762,9.793062589950491,No,CA
1549,27.0,169.0773289553723,1.917037907856431,Yes,FL
1550,36.0,115.99383694080188,1.074879480044728,No,CA
1551,33.0,111.85304999292137,4.902245133693529,nan,nan
1552,49.0,84.88069652973755,1.8336293474623049,nan,TX
1553,38.0,86.9247858384056,7.7354591470860825,Yes,CA
1554,39.0,110.94084432393893,9.23093797463703,nan,TX
1555,30.0,134.69462027264711,4.90618875437883,No,CA
1556,29.0,156.54338504932997,3.3284047793989684,nan,TX
1557,29.0,87.8728419727862,4.909629871059488,Yes,nan
1558,39.0,179.70754275838087,7.511030360650009,nan,FL
1559,29.0,109.15505595829725,1.0814874542233388,No,IL
1560,38.0,119.14530822606255,6.305085905362275,Yes,TX
1561,59.0,90.11153283408706,6.519625163986412,No,nan
1562,45.0,23.030389589082333,6.73919422206342,Yes,TX
1563,31.0,155.361815854442,3.178198719827895,nan,FL
1564,49.0,149.47375588369732,7.426474510403141,Yes,TX
1565,30.0,108.74689771527146,1.8225233769859877,Yes,nan
1566,10.0,122.67962868899488,2.7934330282012074,nan,nan
1567,22.0,140.63756870816397,8.897230419890338,No,NY
1568,12.0,57.498165724538296,7.648508356539097,nan,FL
1569,30.0,98.83789290614821,1.1237099861021074,Yes,NY
1570,35.0,151.77058718487308,3.235386343328202,nan,FL
1571,55.0,69.82842307323003,2.929658346938481,Yes,TX
1572,38.0,131.74231728666518,3.437256952332753,nan,nan
1573,32.0,65.7367278150638,3.2280379325189776,nan,NY
1574,44.0,138.65719929734107,1.5627366616856118,No,TX
1575,8.0,118.57434070810066,5.130464649371383,Yes,nan
1576,37.0,55.39472736377962,7.594601273075487,No,FL
1577,44.0,166.58957417828685,6.4605855224569275,Yes,nan
1578,17.0,90.61633692807803,7.055845017382718,nan,TX
1579,48.0,87.58990251942475,1.7303426068261523,Yes,NY
1580,39.0,128.0227678892377,9.563416391591085,No,NY
1581,30.0,165.9454939771486,8.546426504587224,No,nan
1582,42.0,79.36712724086412,8.245812866460964,No,TX
1583,62.0,122.46719399391887,8.406854245375907,Yes,CA
1584,37.0,137.1526600132229,9.394394573194852,No,FL
1585,37.0,147.72422429052577,5.898285695023279,No,FL
1586,29.0,127.05766221108901,2.8025381608086333,No,TX
1587,24.0,105.3188864366671,6.551052470672871,nan,CA
1588,44.0,86.89639117405122,7.685933443011451,nan,NY
1589,24.0,123.44575532185499,7.6412565401862285,Yes,IL
1590,35.0,77.11443952057573,5.693041217501921,Yes,IL
1591,29.0,3.145980660215713,1.6161284740022026,No,TX
1592,40.0,137.4623921663067,4.34001644587115,nan,CA
1593,39.0,156.15739364344782,9.286899476170216,No,CA
1594,47.0,25.482702578326467,6.260040187816834,No,FL
1595,28.0,79.61077181160249,5.84498748930142,nan,NY
1596,31.0,144.7661704402079,3.419681629439742,nan,nan
1597,23.0,202.29981878846795,4.31604027924921,nan,CA
1598,29.0,120.83174830701631,9.058114802378523,Yes,nan
1599,39.0,90.87988235083462,6.998167427741522,Yes,IL
1600,44.0,112.68414235580639,8.086483240770995,No,nan
1601,23.0,174.9950567659274,5.089108807608897,Yes,NY
1602,45.0,94.16143283501859,6.672224975105421,nan,NY
1603,51.0,88.03231973398985,3.2354524786888677,nan,nan
1604,39.0,100.6902591127187,7.349147472551376,Yes,TX
1605,57.0,81.8668556696515,4.8484120033300355,No,CA
1606,25.0,124.90681263979182,4.98290963333271,No,TX
1607,20.0,184.98713833878242,6.843900921191935,Yes,nan
1608,13.0,132.92317092464117,9.42652559322034,No,CA
1609,52.0,109.9058599149485,1.5760571194775883,No,FL
1610,42.0,108.32754924337823,8.422689136123068,No,TX
1611,34.0,57.47236765213372,3.631447993709738,nan,TX
1612,38.0,155.32439108588636,4.9952750905574,nan,nan
1613,21.0,116.88651211948792,1.1972199589750807,Yes,IL
1614,64.0,112.78080345637497,3.7094147005088174,nan,nan
1615,36.0,247.72430271379443,5.523681183671174,No,TX
1616,36.0,131.95011633462744,1.505584696126951,nan,CA
1617,43.0,89.92835799619263,5.419861564448486,Yes,IL
1618,40.0,102.94569615177826,9.343995659725845,nan,nan
1619,37.0,165.9378283678702,1.948538962970247,No,nan
1620,25.0,124.53081642151058,7.879966552679539,No,TX
1621,40.0,62.46888086730533,4.687039480383934,Yes,TX
1622,57.0,156.76915738300815,6.896563430719042,nan,FL
1623,51.0,93.27423657844024,3.342129381867064,nan,nan
1624,54.0,194.9319110487018,2.4354303628722245,nan,TX
1625,28.0,163.20192262858595,2.444163528441038,No,NY
1626,23.0,102.10712417364995,1.634427510788302,Yes,IL
1627,33.0,171.24065446940452,2.670820344111187,nan,NY
1628,35.0,122.71422042109613,6.977974464900714,No,IL
1629,48.0,154.11094700488877,8.935215506591572,No,nan
1630,14.0,139.389312691779,8.327131170320456,No,FL
1631,53.0,86.14573380036506,7.166208788870357,nan,TX
1632,33.0,94.25800670730152,1.9938867706999241,nan,TX
1633,29.0,161.19843270324645,3.6026870166635483,nan,TX
1634,22.0,106.60898671573837,3.7882618779022206,nan,nan
1635,15.0,103.85406147032013,3.249612517578591,nan,IL
1636,44.0,81.79509682602588,5.635050937387508,nan,TX
1637,35.0,136.94396262373846,5.819984333917053,nan,NY
1638,19.0,202.50099676972582,4.211973776539992,nan,TX
1639,19.0,77.29868342982908,4.184102428627924,nan,nan
1640,30.0,120.96877826691032,8.457000381154732,No,FL
1641,55.0,176.48882221661717,8.10363563487717,nan,NY
1642,31.0,116.8143443501714,3.770162485126711,Yes,TX
1643,16.0,138.09487184998935,9.224095994859333,No,TX
1644,32.0,77.50425887412482,9.575335153022554,nan,CA
1645,31.0,137.13228388830595,3.9406828782703673,Yes,IL
1646,2.0,112.51422939981805,4.1898245391374935,nan,NY
1647,34.0,159.4291998271945,5.550707380797629,Yes,CA
1648,32.0,167.49544206259003,9.470087312803061,Yes,FL
1649,43.0,223.58254568074454,8.886874898280805,Yes,IL
1650,57.0,143.18532692854302,1.9231116632523082,Yes,NY
1651,48.0,133.03185266328666,4.534576689442746,No,TX
1652,31.0,127.77537206309344,5.9803407077479465,No,NY
1653,21.0,105.87334828757247,5.52819225296386,Yes,TX
1654,65.0,133.53935373846764,2.7447676114320343,nan,IL
1655,35.0,108.18394359443883,8.729350940513392,Yes,TX
1656,35.0,126.73843905078458,7.092467046971536,No,FL
1657,34.0,172.7039014243184,8.541175373666231,nan,nan
1658,37.0,79.73829738881435,8.72887851414525,No,TX
1659,33.0,165.5951424451618,7.735202682991658,No,FL
1660,28.0,172.68460269359463,4.9528954112474555,nan,nan
1661,28.0,115.27725892035684,6.494920795138821,Yes,IL
1662,34.0,35.12580403965622,2.4432886550776884,Yes,IL
1663,28.0,95.6871205162227,7.062808757274169,Yes,NY
1664,26.0,171.87978186244436,2.6132793016535265,Yes,FL
1665,36.0,119.08527750804471,7.245546314591412,nan,FL
1666,31.0,80.02791070820356,3.066383446785718,nan,CA
1667,53.0,99.8090031508713,2.0579617013519798,nan,CA
1668,3.0,153.6248010601821,2.487560411286617,No,nan
1669,48.0,141.8693427280552,1.0179292169716323,nan,nan
1670,49.0,110.44271603321222,7.468656560681772,Yes,CA
1671,10.0,105.32702352741249,7.591609441525412,No,nan
1672,30.0,104.32967403824712,5.634400149219335,Yes,TX
1673,30.0,83.1035926200599,2.4522652094984534,Yes,CA
1674,18.0,184.61502757877767,1.7519890375962077,nan,FL
1675,25.0,107.1071812315464,1.172160697935583,nan,TX
1676,21.0,168.68634083301987,2.4917335926869866,Yes,nan
1677,56.0,180.85264207689806,9.01769981484832,Yes,IL
1678,46.0,159.9324359259184,3.173831575315136,No,NY
1679,50.0,102.73518749127807,4.188441944954941,nan,CA
1680,43.0,136.14920361346438,1.9481093603319986,No,IL
1681,21.0,119.03217574436336,3.0012517427335323,No,nan
1682,28.0,83.85192557079488,5.673021137021846,No,FL
1683,40.0,132.97437126886413,6.469774147860873,Yes,NY
1684,20.0,72.8384083536079,3.2081708274958993,No,IL
1685,43.0,167.50717553846255,1.5195894330260549,No,NY
1686,32.0,101.41530810806428,4.519295822146588,Yes,CA
1687,30.0,128.04638623491357,3.107830338337007,nan,nan
1688,43.0,131.33151486184568,2.9759853090682173,nan,FL
1689,40.0,109.6438010518369,9.638765224421098,No,nan
1690,30.0,143.467752059011,6.546704373331517,Yes,NY
1691,48.0,101.00385373509903,6.011905988548863,nan,IL
1692,22.0,154.85189189828975,4.741975931709897,No,CA
1693,42.0,66.16081279013005,4.8604990008712985,No,CA
1694,42.0,125.05518318185648,5.868145034542727,Yes,nan
1695,31.0,197.55715996233138,7.267868263324965,No,IL
1696,38.0,79.98674701577701,7.319314865636465,nan,IL
1697,19.0,92.89020117900594,2.5452451693490463,Yes,NY
1698,46.0,140.5563139863566,5.501014768689643,nan,nan
1699,32.0,127.18327127758391,4.7076228553069175,nan,nan
1700,28.0,134.02520397094236,8.834742696424458,nan,TX
1701,47.0,139.56748520590654,6.682770290965387,No,nan
1702,26.0,145.3888587424708,5.792536597743836,No,CA
1703,18.0,164.38799367824893,2.0385517796102564,nan,NY
1704,16.0,136.3927462771405,6.450741003910703,nan,IL
1705,42.0,110.3496938152583,2.054835151122101,Yes,nan
1706,19.0,146.90294804810924,4.034859180091768,Yes,NY
1707,56.0,195.9952773958086,2.2855776833289867,No,nan
1708,10.0,114.69465014469706,7.22866282321932,No,IL
1709,55.0,81.01882781317434,2.8562690245253735,Yes,FL
1710,37.0,164.2832267714789,4.526734358692234,nan,IL
1711,33.0,115.18475344185607,9.061072998569008,No,IL
1712,28.0,33.09321815943855,2.8388474505907326,nan,IL
1713,39.0,153.89686708601687,5.570245575629012,Yes,nan
1714,34.0,98.5868725618431,4.7734449504941985,No,TX
1715,48.0,116.37866870783357,1.1631163694115676,No,IL
1716,36.0,133.27921322276057,8.134823022155315,Yes,CA
1717,36.0,127.61998719116265,1.6214131568313976,No,CA
1718,30.0,148.3780726855616,5.268295188792583,Yes,NY
1719,34.0,102.58054517720626,6.0461046544505495,No,TX
1720,38.0,140.5242319270433,6.655838109531284,Yes,NY
1721,14.0,109.61813289664332,7.197684663770881,No,CA
1722,18.0,149.5524192355001,3.2794514517044355,nan,CA
1723,43.0,144.61469936052214,1.0898089899260444,nan,FL
1724,37.0,82.58245191821618,7.510992961194208,nan,IL
1725,32.0,163.43928464700127,5.820909394128208,No,CA
1726,35.0,98.56146219543808,8.52505932886524,No,nan
1727,39.0,152.3223119312458,8.392495266106248,nan,nan
1728,28.0,134.69149253605363,8.58993551009095,nan,NY
1729,25.0,193.5273470718049,5.365851939815862,Yes,NY
1730,37.0,111.0613607051259,4.002655562531791,Yes,IL
1731,23.0,106.0273281552721,8.124023823322329,Yes,IL
1732,39.0,119.22321576449069,5.061647017263295,nan,FL
1733,14.0,107.87280868662899,2.6509797676309104,nan,TX
1734,47.0,151.997676077682,8.69476617605327,nan,NY
1735,40.0,55.347575662536485,8.943038890951126,Yes,IL
1736,38.0,77.85270323414584,5.196787805261531,No,NY
1737,46.0,77.28788313683228,1.6812975457880872,nan,IL
1738,54.0,158.01230367894303,4.490434809252381,No,CA
1739,47.0,188.424534903277,8.231838935163431,No,NY
1740,12.0,115.82203125850114,9.115966256916058,No,CA
1741,19.0,113.24713107239957,2.8312546824783626,Yes,NY
1742,27.0,122.80208652452725,1.6027625082274437,No,TX
1743,35.0,166.47513210432763,8.896154078195547,nan,FL
1744,41.0,82.90587463237704,4.504644450809877,Yes,nan
1745,26.0,129.5347593093914,5.87584867840807,nan,nan
1746,37.0,159.0079051912972,9.71259230845683,nan,nan
1747,25.0,140.0437667975938,1.5990825512280056,Yes,CA
1748,27.0,127.58326466394973,6.83486206706886,nan,IL
1749,18.0,160.04184370268564,1.6669488031738036,nan,nan
1750,23.0,11.870708280030513,4.379220356198504,Yes,TX
1751,18.0,147.11501278123632,8.234330906741022,nan,nan
1752,23.0,93.83697267490305,4.90125009480071,No,NY
1753,47.0,46.77468412574173,9.974641185126554,nan,CA
1754,23.0,140.44810398099924,6.031533564519419,No,NY
1755,66.0,174.94634180651832,3.8904593737235813,nan,NY
1756,40.0,114.50205941489233,2.981001933142778,Yes,NY
1757,37.0,158.11498188811754,4.154684808575457,Yes,FL
1758,24.0,184.49113031954582,4.352799463835957,nan,FL
1759,43.0,172.5965781433619,1.6184230995156488,Yes,IL
1760,28.0,185.59858117485572,4.326167794840958,nan,CA
1761,36.0,149.68509964287568,5.178146677653024,Yes,TX
1762,65.0,123.01734555606372,7.504639770149242,No,TX
1763,33.0,55.921367524113265,6.910565362494472,nan,TX
1764,48.0,110.15750047480205,7.378890897062388,No,NY
1765,26.0,86.27013618735234,1.0752731368917139,No,FL
1766,34.0,206.83770869991255,2.9590065962248246,nan,CA
1767,56.0,112.96456750270653,6.955158595598708,No,NY
1768,27.0,124.92819227137943,5.3559043136177245,nan,FL
1769,56.0,142.0594150416187,1.0478212810151135,No,FL
1770,43.0,121.74409785489814,8.240451781886401,nan,nan
1771,28.0,187.80204161723012,7.955286159613037,nan,nan
1772,42.0,95.09402553062192,5.935772466942064,Yes,CA
1773,46.0,127.7842982094897,1.598169931986449,nan,CA
1774,42.0,90.30117657207808,7.8986354457932615,nan,CA
1775,16.0,67.19909955117177,6.253422289582275,No,NY
1776,26.0,95.52923636378858,8.037639794421633,nan,IL
1777,32.0,118.51852811806351,7.765722931562564,Yes,CA
1778,34.0,102.8279110193096,8.227018647620534,No,nan
1779,42.0,92.30316080504576,5.6620725976416235,No,IL
1780,37.0,63.747301453126646,2.262920663741635,Yes,NY
1781,18.0,116.67577709485221,7.040417260417198,No,IL
1782,39.0,59.81118503875991,6.584264065467735,No,TX
1783,42.0,150.4022385475841,7.6802786847917845,No,IL
1784,41.0,123.29759011738012,2.5289290544566176,No,CA
1785,47.0,61.69794002140278,2.754776799102603,Yes,NY
1786,45.0,107.63163691800546,9.013685654973957,Yes,CA
1787,40.0,89.91374377637668,7.749800186068637,No,nan
1788,34.0,132.7669804167672,9.174056398302906,No,TX
1789,15.0,173.61801784092577,7.8284378904752865,Yes,nan
1790,40.0,44.993101214170224,6.374397753912717,Yes,CA
1791,37.0,124.60104316589668,6.887194633250863,Yes,CA
1792,38.0,113.59468817733439,9.00215131546009,No,CA
1793,19.0,146.85360305801862,6.209260790607464,No,FL
1794,22.0,128.52786512950757,6.691521918955487,nan,TX
1795,47.0,89.92122673044724,2.408290444032405,Yes,CA
1796,34.0,107.23784257333527,5.265290981044925,No,CA
1797,43.0,88.15896572786045,7.44757400762289,Yes,nan
1798,35.0,163.04028554394392,3.4384842848472887,No,nan
1799,35.0,120.85246594687769,2.820287624720814,Yes,CA
1800,46.0,,3.82444127401974,No,NY
1801,28.0,,3.173505651935501,nan,FL
1802,36.0,,2.934213733327563,nan,nan
1803,29.0,,4.823657585812782,Yes,NY
1804,29.0,,9.170546624951808,No,FL
1805,31.0,,5.563536820648465,No,CA
1806,37.0,,2.691283427337907,Yes,TX
1807,29.0,,1.6927450244278668,No,IL
1808,50.0,,7.265405306241327,Yes,IL
1809,24.0,,4.445188879927491,No,CA
1810,32.0,,8.396478519268234,Yes,nan
1811,29.0,,6.935596917766931,No,NY
1812,52.0,,8.166173054872317,Yes,TX
1813,37.0,,3.4475143547660387,No,FL
1814,47.0,,7.231230302149523,nan,CA
1815,17.0,,3.376557862243469,No,TX
1816,38.0,,9.451616315052624,Yes,TX
1817,45.0,,6.7273685338003695,nan,nan
1818,35.0,,3.920606201578079,No,FL
1819,47.0,,3.425606760630454,nan,TX
1820,28.0,,2.718339265644792,No,nan
1821,51.0,,7.25176863004355,nan,NY
1822,62.0,,2.968440516981346,Yes,nan
1823,30.0,,6.357729393347402,No,NY
1824,29.0,,3.381715242328216,No,NY
1825,52.0,,6.9577205031448175,Yes,TX
1826,53.0,,8.334457556864852,nan,nan
1827,28.0,,8.002227188301879,Yes,NY
1828,29.0,,7.847661978377036,Yes,FL
1829,31.0,,2.6895016512302687,nan,TX
1830,18.0,,1.7954645228606685,Yes,nan
1831,23.0,,7.290539456386471,No,nan
1832,22.0,,4.315124924149162,No,IL
1833,25.0,,4.891116037630126,No,nan
1834,34.0,,1.2803418351405196,Yes,TX
1835,37.0,,3.3361880434754427,No,FL
1836,53.0,,1.303087634870176,No,nan
1837,23.0,,8.912671953411229,No,IL
1838,46.0,,3.190570148966774,No,TX
1839,32.0,,6.016034526157073,No,NY
1840,34.0,,1.3508138859501737,No,CA
1841,43.0,,7.001626521750922,Yes,CA
1842,21.0,,3.907246111786845,No,NY
1843,39.0,,9.081272682618993,No,nan
1844,36.0,,8.993063700406323,nan,CA
1845,40.0,,3.92761556525573,Yes,CA
1846,38.0,,9.108648061214211,Yes,NY
1847,64.0,,9.96541906148901,Yes,nan
1848,27.0,,8.428740977115533,Yes,nan
1849,28.0,,8.60384212979706,No,NY
1850,27.0,,3.2410786249818093,No,nan
1851,28.0,191.0124357043805,6.190321589719807,nan,nan
1852,27.0,72.2545267297408,1.6053032257063107,nan,TX
1853,49.0,156.76616694440006,1.8542614313950274,Yes,TX
1854,52.0,160.02329272171914,9.990033508299616,nan,NY
1855,28.0,93.1751916369342,3.9397532448331987,nan,FL
1856,25.0,175.69861200257316,7.733655208439617,Yes,CA
1857,40.0,109.9981394160419,8.259985477241347,Yes,TX
1858,28.0,131.5477451711943,8.722209439065063,nan,CA
1859,42.0,130.41287355084881,9.978654676619408,No,IL
1860,37.0,114.62765034117808,3.1734683673118105,nan,NY
1861,16.0,152.43233092639127,1.3631574417372974,nan,FL
1862,53.0,151.73954882208852,4.700723661951274,No,IL
1863,56.0,50.05872107047277,2.1707260284605225,No,IL
1864,27.0,172.1736097151261,1.2018330024584962,Yes,nan
1865,30.0,53.50032047857303,4.243841444273375,Yes,IL
1866,38.0,161.3018481736663,8.053644259677128,nan,NY
1867,39.0,165.06820547310332,6.095626221025638,No,TX
1868,42.0,76.36134279139208,3.8150019028931865,Yes,NY
1869,59.0,103.5674284818166,6.889078049434477,nan,TX
1870,32.0,75.77181326056257,3.0881636227792963,No,IL
1871,25.0,111.40315878845058,1.1294330146487652,nan,IL
1872,18.0,107.67862863257035,7.8791804779278465,Yes,FL
1873,26.0,151.18642129077358,6.613687763776082,Yes,TX
1874,34.0,172.41234984478433,7.86072362050864,No,IL
1875,56.0,175.82735243159823,1.3504421501889905,nan,nan
1876,28.0,97.51327893686792,8.53407665047587,No,CA
1877,37.0,111.63112505021888,6.57573580032673,Yes,FL
1878,34.0,52.66247231116199,6.070558156413761,Yes,NY
1879,49.0,87.76519734015244,6.621526433030784,nan,FL
1880,65.0,158.5940653238983,8.779899221815278,nan,CA
1881,28.0,184.62331294192927,6.282428559030164,nan,TX
1882,29.0,70.62604512480311,6.228553418993614,No,NY
1883,47.0,96.30142963388423,9.916112413591893,nan,NY
1884,43.0,118.94376972164292,7.810571503617112,nan,TX
1885,57.0,131.20644635278427,4.980644249060218,Yes,FL
1886,42.0,87.61585920313416,7.366573000296349,Yes,IL
1887,30.0,136.96244177856357,4.503074245226096,nan,FL
1888,42.0,101.04642611716335,3.059879162351491,nan,CA
1889,48.0,119.42190916486884,6.371666891989835,Yes,nan
1890,44.0,141.851369920148,9.353638883025564,nan,IL
1891,41.0,120.25689079243752,9.362255680139164,No,FL
1892,47.0,102.54456437893725,4.077147502949413,No,nan
1893,49.0,115.61560784296677,5.749097195995255,No,nan
1894,51.0,116.46548163178659,2.904723087128751,nan,TX
1895,42.0,105.1995588047149,9.960679985489952,Yes,CA
1896,32.0,109.6481574933159,9.830061170811422,nan,CA
1897,36.0,183.94588682018866,6.845580367367026,nan,CA
1898,49.0,142.43677791764955,8.23972653709726,Yes,IL
1899,25.0,108.18078727883359,7.4359014515533,Yes,NY
1900,39.0,147.87817618042942,6.338423971355214,Yes,IL
1901,30.0,106.6472204097596,1.4801319729000793,No,FL
1902,35.0,166.92498550346565,5.092879082973949,nan,nan
1903,50.0,134.78568768792377,7.073076719506695,Yes,nan
1904,37.0,115.70791423983084,7.097784524953162,nan,NY
1905,35.0,137.9086770324111,4.358103565801452,No,FL
1906,18.0,57.16495391726003,9.475227879922276,No,NY
1907,43.0,74.9293012436078,2.5062132901310292,Yes,nan
1908,42.0,72.24299974403777,5.503235015940046,Yes,IL
1909,60.0,125.71772379054826,7.217955788957405,nan,CA
1910,31.0,189.30059997940367,7.2742222530262834,Yes,nan
1911,37.0,209.25200584770528,6.83775061091934,nan,TX
1912,37.0,145.5220440576303,3.4775939210667417,Yes,CA
1913,53.0,140.03377899777828,2.4058591181795976,nan,nan
1914,33.0,47.95769063389044,6.723462941440398,nan,IL
1915,38.0,98.29304801063913,6.393719045254939,nan,NY
1916,42.0,88.48864992367044,2.6142040926031687,nan,CA
1917,37.0,95.16609606995536,7.34625231013507,No,IL
1918,29.0,113.27424725660842,5.096547925602907,nan,FL
1919,37.0,101.11637689211491,7.009845324428376,Yes,TX
1920,47.0,40.82800758496849,8.536303717931357,No,CA
1921,22.0,149.91641024470135,2.5275558571923087,No,NY
1922,36.0,77.09027897040774,1.17230381197153,nan,FL
1923,26.0,129.56987456444597,8.011923277562081,No,IL
1924,49.0,202.96330678999894,6.487276826373543,nan,TX
1925,16.0,83.22461633654306,7.296756126599095,Yes,NY
1926,28.0,18.788499090146814,8.543394774897783,nan,IL
1927,39.0,108.55983112479556,8.225298413420504,No,IL
1928,53.0,164.03838539994285,9.648281322359422,Yes,CA
1929,34.0,198.33389816882374,5.823415709669064,nan,CA
1930,28.0,70.81801622190332,5.396460693939148,Yes,NY
1931,57.0,139.86796892946086,4.616984799016571,Yes,nan
1932,17.0,101.38758172879787,2.3832193855978407,No,nan
1933,8.0,115.76206582783458,6.153465095938202,Yes,IL
1934,40.0,225.7737338806814,3.493112718933809,No,CA
1935,28.0,59.88118686419387,9.291767609916779,Yes,TX
1936,22.0,130.14958645978294,6.248717238493878,nan,TX
1937,43.0,138.70772687061734,6.335561624572992,Yes,IL
1938,37.0,163.4314529975739,4.194321947893091,nan,CA
1939,28.0,123.91932613883581,1.4679041677993674,nan,NY
1940,19.0,132.3220215801641,1.2856938883568976,Yes,NY
1941,45.0,104.33405730312836,4.810016297378778,nan,NY
1942,42.0,130.76507764980428,1.7610884028751408,Yes,TX
1943,33.0,106.27230898010359,6.461622599861252,Yes,CA
1944,57.0,144.86287559424204,8.928757050756918,nan,CA
1945,22.0,105.21558655825464,8.9462333486685,nan,TX
1946,16.0,135.08401575608747,6.931408691190091,No,NY
1947,26.0,118.82948745260087,2.901086483256379,nan,NY
1948,34.0,165.04201003088673,8.766971482229849,No,IL
1949,37.0,117.94425105646054,8.974840917818874,nan,nan
1950,32.0,49.07870127172474,2.769882264576628,Yes,FL
1951,39.0,170.47686002855966,7.636834771936095,nan,nan
1952,19.0,83.77070796549523,3.5786759403441066,Yes,CA
1953,52.0,93.84934645404721,8.223762811176368,Yes,CA
1954,34.0,96.17354823826031,9.975141099132424,Yes,CA
1955,48.0,174.9775237268327,1.2702340479645353,No,nan
1956,39.0,34.573031440852176,9.076292792118387,nan,FL
1957,40.0,245.50994134639976,6.603674802387922,Yes,IL
1958,41.0,162.24227236264207,9.760443572483391,Yes,nan
1959,40.0,128.9295565651664,5.185085657737848,No,FL
1960,42.0,117.80423997534855,8.626491375142365,nan,NY
1961,50.0,131.4221629943063,1.561546617384495,nan,NY
1962,37.0,140.84489713517354,4.017511450704662,No,CA
1963,43.0,145.8086234380023,1.6031488397608897,No,TX
1964,33.0,142.22417864013795,9.778088201311634,nan,CA
1965,52.0,123.58322725020996,8.352765165446531,No,TX
1966,26.0,112.10646318770695,8.672926791213735,nan,FL
1967,56.0,113.94906865385953,9.441687082905048,nan,NY
1968,34.0,112.20366878589276,1.7659313750780683,Yes,nan
1969,17.0,165.35080387468258,4.47037833262,Yes,TX
1970,36.0,143.74226889123446,1.639314001396019,nan,FL
1971,26.0,2.3844546134287867,2.8971379139502575,nan,NY
1972,45.0,146.23603106119043,3.0642919933390513,nan,nan
1973,27.0,127.78944778875099,5.221964899428208,nan,TX
1974,29.0,119.2516497421641,3.4170595070827834,nan,CA
1975,12.0,104.45926187644457,1.9088029613598498,nan,CA
1976,29.0,164.96450879944052,2.5074198018469693,No,CA
1977,5.0,157.9010584849143,2.3254800719688182,nan,FL
1978,15.0,89.08489328705564,9.757691181210685,No,CA
1979,44.0,136.2820914849814,7.833632562266263,No,IL
1980,44.0,81.13373061834855,9.709853187426058,nan,NY
1981,40.0,64.81527340844278,4.957664378571177,nan,FL
1982,23.0,94.9313110164014,3.5053163349639096,No,nan
1983,34.0,154.49573889531035,8.18463877488268,No,CA
1984,34.0,158.12500181504348,3.936285262370321,nan,NY
1985,21.0,140.52341680389173,3.6944503633481345,nan,TX
1986,53.0,149.0038314739199,3.0925539298704807,No,CA
1987,45.0,140.64713148459833,2.167110804018118,No,NY
1988,32.0,94.3407361910819,3.3081675491508937,No,IL
1989,35.0,137.27690178695764,4.1978777362649895,Yes,TX
1990,37.0,152.0163810091073,7.065947873311574,No,IL
1991,10.0,150.17165319254298,1.5630835799750642,Yes,nan
1992,32.0,167.5565348589857,2.8945624569880866,nan,NY
1993,26.0,148.33215388804254,8.281212762625088,nan,IL
1994,22.0,134.0579283016633,2.3222973122539368,No,nan
1995,31.0,162.8060095326571,4.083806318702694,nan,NY
1996,56.0,118.93914963003759,8.78193029672326,nan,NY
1997,42.0,84.72501395089128,2.394327800290984,nan,IL
1998,28.0,113.47732144224945,1.744631520563709,nan,NY
1999,41.0,90.20389420774204,5.3608419557200975,Yes,CA
1000,40.0,175.97421746344008,4.663958402130649,nan,FL
1001,33.0,156.98534731651074,1.5940885972621741,nan,NY
1002,42.0,122.38521479680696,4.139384805725314,No,FL
1003,53.0,94.12252889177705,1.9989828891218335,No,CA
1004,32.0,147.92893254454358,8.274116890083,Yes,nan
1005,32.0,135.73941541686997,9.529192233680236,No,nan
1006,53.0,155.8077288011093,1.6508482773214475,No,FL
1007,44.0,145.40687206727878,9.596036865625313,No,TX
1008,29.0,161.9821086127734,5.703189394030707,nan,TX
1009,41.0,98.59059153757728,3.696091101584865,No,IL
1010,29.0,172.69576262537302,1.6917586774854716,nan,IL
1011,29.0,127.90398418769598,5.50561841263376,Yes,nan
1012,999.0,203.0104349050106,8.150639900416738,Yes,IL
1013,12.0,92.43248727641728,7.363778295400284,nan,NY
1014,14.0,189.43855212660998,1.4520341031757638,nan,IL
1015,28.0,127.91643133850592,1.6561165183111317,nan,NY
1016,22.0,93.94327985542206,4.625859543693734,No,IL
1017,38.0,100.64456663782714,3.6576144464314897,Yes,nan
1018,24.0,107.1861076722272,3.0914589075044305,nan,nan
1019,18.0,136.96663785607666,3.5290404901784225,No,NY
